{
    "DEFAULT":{
        "UpArm_R":{"x":0,"y":0,"z":0,"w":1},
        "LoArm_R":{"x":0,"y":0,"z":0,"w":1}
    },
    "ESPACO_NEUTRO":{
        "UpArm_R":{"x":-0.0815,"y":0.6824,"z":0.0815,"w":0.7219},
        "LoArm_R":{"x":0,"y":0.0666,"z":0,"w":0.9978}
    },
    "ORELHA":{
        "UpArm_R":{"x":-0.6171,"y":0,"z":0,"w":0.7869},
        "LoArm_R":{"x":0,"y":0.8415,"z":0,"w":0.5403}
    },
    "OMBRO":{
        "UpArm_R": {"x": -0.07500288970496874, "y": 0.7475271324063545, "z": -0.06588837238301984, "w": 0.6566859791688527},
        "LoArm_R": {"x": 0, "y": 0.7512804051402933, "z": 0, "w": 0.6599831458849827}
    }
}
