{
    "DEFAULT":{
        "UpArm_R":{"x":0,"y":0,"z":0,"w":1},
        "LoArm_R":{"x":0,"y":0,"z":0,"w":1}
    },
    "ESPACO_NEUTRO":{
        "UpArm_R":{"x":-0.0815,"y":0.6824,"z":0.0815,"w":0.7219},
        "LoArm_R":{"x":0,"y":0.0666,"z":0,"w":0.9978}
    },
    "ORELHA":{
        "UpArm_R":{"x":-0.6171,"y":0,"z":0,"w":0.7869},
        "LoArm_R":{"x":0,"y":0.8415,"z":0,"w":0.5403}
    },
    "OMBRO":{
        "UpArm_R": {"x": -0.07500288970496874, "y": 0.7475271324063545, "z": -0.06588837238301984, "w": 0.6566859791688527},
        "LoArm_R": {"x": 0, "y": 0.7512804051402933, "z": 0, "w": 0.6599831458849827}
    },
    "QUEIXO":{
        "UpArm_R": {"x": -0.06908206625592746, "y": 0.6236533043074804, "z": 0.12526324734136943, "w": 0.7685007111341379},
        "LoArm_R": {"x": 0, "y": 0.7512804051402939, "z": 0, "w": 0.659983145884983}
    },
    "TESTA_PERTO":{
        "UpArm_R": {"x":-0.42516189616759187, "y":0.3040383221477027, "z":0.2923287894162116, "w":0.8008382730559551},
        "LoArm_R": {"x":0, "y":0.8414709848078973, "z":0, "w":0.5403023058681402}
    },
    "BOCA":{
        "UpArm_R": {"x":-0.11856204739768524, "y":0.10089409595415703, "z":0.3464586687795438, "w":0.9250566540196192},
        "LoArm_R": {"x":0, "y":0.9320390859672273, "z":0, "w":0.36235775447667395}
    }
}
