{ 
    "DEFAULT": {
        "Hand_R":{"x":0,"y":0,"z":0,"w":1}
    },
    "FRENTE":{
        "Hand_R":{"x":0.5145997614457177, "y":-0.4997867942794645, "z":0.49978679337456455, "w":-0.48540025181615215}
    },
    "COSTAS":{
        "Hand_R":{"x":0.4749023023218264, "y":-0.48897771664662815, "z":-0.5248814596665891, "w":0.5097725432596063}
    },
    "INCLINADO":{
        "Hand_R": {"x":-0.44882878998899595, "y":0.8936049233578649, "z":-0.0022993500722134933, "w":-0.0042038401550811766}
    },
    "INCLINADO_COSTAS":{
        "Hand_R": {"x":-0.319727124634752, "y":0.8152795345006585, "z":0.47931138140703883, "w":-0.05791749072458528}
    },
    "LATERAL":{
        "Hand_R": {"x":0.7080583485292772, "y":-0.689876674079495, "z":-0.08546629198358541, "w":0.12416502522029357}
    },
    "LATERAL":{
        "Hand_R": {"x":0.7080583485292772, "y":-0.689876674079495, "z":-0.08546629198358541, "w":0.12416502522029357}
    }
}
