{ 
    "DEFAULT": {
        "Hand_R":{"x":0,"y":0,"z":0,"w":1}
    },
    "FRENTE":{
        "Hand_R":{"x":0.5145997614457177, "y":-0.4997867942794645, "z":0.49978679337456455, "w":-0.48540025181615215}
    }
}
