{
    "DEFAULT": {
        "Finger-1-1_R": {"x":0, "y":0, "z":0, "w":1},
        "Finger-1-2_R": {"x":0, "y":0, "z":0, "w":1},
        "Finger-1-3_R": {"x":0, "y":0, "z":0, "w":1},
        "Finger-2-1_R": {"x":0, "y":0, "z":0, "w":1},
        "Finger-2-2_R": {"x":0, "y":0, "z":0, "w":1},
        "Finger-2-3_R": {"x":0, "y":0, "z":0, "w":1},
        "Finger-3-1_R": {"x":0, "y":0, "z":0, "w":1},
        "Finger-3-2_R": {"x":0, "y":0, "z":0, "w":1},
        "Finger-3-3_R": {"x":0, "y":0, "z":0, "w":1},
        "Finger-4-1_R": {"x":0, "y":0, "z":0, "w":1},
        "Finger-4-2_R": {"x":0, "y":0, "z":0, "w":1},
        "Finger-4-3_R": {"x":0, "y":0, "z":0, "w":1},
        "Finger-5-1_R": {"x":0, "y":0, "z":0, "w":1},
        "Finger-5-2_R": {"x":0, "y":0, "z":0, "w":1},
        "Finger-5-3_R": {"x":0, "y":0, "z":0, "w":1}
    },
    "ALUNO":{
        "Finger-1-1_R": {"x":-0.0024979173609871157, "y":0.04991670832341405, "z":-0.049916708323414084, "w":0.9975020826390131},
        "Finger-1-2_R": {"x":0, "y":-0.04997916927067834, "z":0, "w":0.9987502603949663},
        "Finger-1-3_R": {"x":0, "y":-0.04997916927067833, "z":0, "w":0.9987502603949663},
        "Finger-2-1_R": {"x":0, "y":0, "z":0.5646424733950359, "w":0.8253356149096791},
        "Finger-2-2_R": {"x":0.023961290146585604, "y":-0.04386084740971451, "z":0.716459582581814, "w":0.695836007379402},
        "Finger-2-3_R": {"x":0, "y":0, "z":0.7512804051402932, "w":0.6599831458849826},
        "Finger-3-1_R": {"x":-0.026123473490347222, "y":0.04260846739541621, "z":0.6044300803163635, "w":0.795088901097084},
        "Finger-3-2_R": {"x":0, "y":0, "z":0.6442176872376915, "w":0.7648421872844889},
        "Finger-3-3_R": {"x":0, "y":0, "z":0.7512804051402932, "w":0.6599831458849826},
        "Finger-4-1_R": {"x":-0.060417826592842463, "y":0.07947576554633756, "z":0.6021629944769971, "w":0.7921066954666639},
        "Finger-4-2_R": {"x":0, "y":0, "z":0.6816387600233346, "w":0.7316888688738213},
        "Finger-4-3_R": {"x":0, "y":0, "z":0.6051864057360399, "w":0.7960837985490563},
        "Finger-5-1_R": {"x":-0.14251665452076936, "y":0.13841425570643068, "z":0.7030567291014663, "w":0.6828189603889095},
        "Finger-5-2_R": {"x":0, "y":0, "z":0.6816387600233346, "w":0.7316888688738213},
        "Finger-5-3_R": {"x":0, "y":0, "z":0.5226872289306593, "w":0.8525245220595062}
    },
    "Y":{
        "Finger-1-1_R": {"x":0, "y":-0.09983341664682818, "z":0, "w":0.995004165278026},
        "Finger-1-2_R": {"x":0, "y":0.14943813247359933, "z":0, "w":0.9887710779360426},
        "Finger-1-3_R": {"x":0, "y":0.3428978074554515, "z":0, "w":0.9393727128473791},
        "Finger-2-1_R": {"x":0, "y":0, "z":0.5646424733950359, "w":0.8253356149096791},
        "Finger-2-2_R": {"x":0.023961290146585604, "y":-0.04386084740971451, "z":0.716459582581814, "w":0.695836007379402},
        "Finger-2-3_R": {"x":0, "y":0, "z":0.7512804051402932, "w":0.6599831458849826},
        "Finger-3-1_R": {"x":-0.026123473490347222, "y":0.04260846739541621, "z":0.6044300803163635, "w":0.795088901097084},
        "Finger-3-2_R": {"x":0, "y":0, "z":0.6442176872376915, "w":0.7648421872844889},
        "Finger-3-3_R": {"x":0, "y":0, "z":0.7512804051402932, "w":0.6599831458849826},
        "Finger-4-1_R": {"x":-0.060417826592842463, "y":0.07947576554633756, "z":0.6021629944769971, "w":0.7921066954666639},
        "Finger-4-2_R": {"x":0, "y":0, "z":0.6816387600233346, "w":0.7316888688738213},
        "Finger-4-3_R": {"x":0, "y":0, "z":0.6051864057360399, "w":0.7960837985490563},
        "Finger-5-1_R": {"x":0, "y":-0.09983341664682815, "z":0, "w":0.9950041652780258},
        "Finger-5-2_R": {"x":0, "y":0, "z":0, "w":1},
        "Finger-5-3_R": {"x":0, "y":0, "z":0, "w":1}
    },
    "L":{
        "Finger-1-1_R":{"x":0, "y":0, "z":0, "w":1},
        "Finger-1-2_R":{"x":0, "y":0.14943813247359933, "z":0, "w":0.9887710779360426},
        "Finger-1-3_R":{"x":0, "y":0.3428978074554515, "z":0, "w":0.9393727128473791},
        "Finger-2-1_R":{"x":0, "y":0, "z":0, "w":1},
        "Finger-2-2_R":{"x":0, "y":0, "z":0, "w":1},
        "Finger-2-3_R":{"x":0, "y":0, "z":0, "w":1},
        "Finger-3-1_R": {"x":-0.026123473490347222, "y":0.04260846739541621, "z":0.6044300803163635, "w":0.795088901097084},
        "Finger-3-2_R": {"x":0, "y":0, "z":0.6442176872376915, "w":0.7648421872844889},
        "Finger-3-3_R": {"x":0, "y":0, "z":0.7512804051402932, "w":0.6599831458849826},
        "Finger-4-1_R": {"x":-0.060417826592842463, "y":0.07947576554633756, "z":0.6021629944769971, "w":0.7921066954666639},
        "Finger-4-2_R": {"x":0, "y":0, "z":0.6816387600233346, "w":0.7316888688738213},
        "Finger-4-3_R": {"x":0, "y":0, "z":0.6051864057360399, "w":0.7960837985490563},
        "Finger-5-1_R": {"x":-0.14251665452076936, "y":0.13841425570643068, "z":0.7030567291014663, "w":0.6828189603889095},
        "Finger-5-2_R": {"x":0, "y":0, "z":0.6816387600233346, "w":0.7316888688738213},
        "Finger-5-3_R": {"x":0, "y":0, "z":0.5226872289306593, "w":0.8525245220595062}
    },
    "B":{
        "Finger-1-1_R": {"x":0, "y":-0.09983341664682818, "z":1.3877787807814457e-17, "w":0.9950041652780259},
        "Finger-1-2_R": {"x":0, "y":-0.049979169270678366, "z":0, "w":0.9987502603949663},
        "Finger-1-3_R": {"x":0, "y":-0.4794255386042032, "z":0, "w":0.8775825618903732},
        "Finger-2-1_R": {"x":0, "y":0, "z":0, "w":1},
        "Finger-2-2_R": {"x":0, "y":0, "z":0, "w":1},
        "Finger-2-3_R": {"x":0, "y":0, "z":0, "w":1},
        "Finger-3-1_R": {"x":0, "y":0.04997916927067834, "z":0, "w":0.9987502603949663},
        "Finger-3-2_R": {"x":0, "y":0, "z":0, "w":1},
        "Finger-3-3_R": {"x":0, "y":0, "z":0, "w":1},
        "Finger-4-1_R": {"x":0, "y":0.04997916927067834, "z":0, "w":0.9987502603949663},
        "Finger-4-2_R": {"x":0, "y":0, "z":0, "w":1},
        "Finger-4-3_R": {"x":0, "y":0, "z":0, "w":1},
        "Finger-5-1_R": {"x":-6.904228336809994e-18, "y":0.09983341664682824, "z":-6.927334861769069e-19, "w":0.9950041652780258},
        "Finger-5-2_R": {"x":0, "y":0, "z":0, "w":1},
        "Finger-5-3_R": {"x":0, "y":0, "z":0, "w":1}
    },
    "F":{
        "Finger-1-1_R": {"x":-8.673617379884035e-19, "y":0, "z":-0.09983341664682822, "w":0.9950041652780262},
        "Finger-1-2_R": {"x":0, "y":0, "z":0, "w":1},
        "Finger-1-3_R": {"x":0, "y":0, "z":0, "w":1},
        "Finger-2-1_R": {"x":0, "y":0, "z":0.6816387600233346, "w":0.7316888688738213},
        "Finger-2-2_R": {"x":0, "y":0, "z":0, "w":1},
        "Finger-2-3_R": {"x":0, "y":0, "z":0, "w":1},
        "Finger-3-1_R": {"x":0, "y":0.04997916927067833, "z":0, "w":0.9987502603949663},
        "Finger-3-2_R": {"x":0, "y":0, "z":0, "w":1},
        "Finger-3-3_R": {"x":0, "y":0, "z":0, "w":1},
        "Finger-4-1_R": {"x":0, "y":0.04997916927067834, "z":0, "w":0.9987502603949663},
        "Finger-4-2_R": {"x":0, "y":0, "z":0, "w":1},
        "Finger-4-3_R": {"x":0, "y":0, "z":0, "w":1},
        "Finger-5-1_R": {"x":0.1486915642626008, "y":0.09871239499192236, "z":-0.014918919342160733, "w":0.9838313410528059},
        "Finger-5-2_R": {"x":0, "y":0, "z":0, "w":1},
        "Finger-5-3_R": {"x":0, "y":0, "z":0, "w":1}
    },
    "INDICADOR":{
        "Finger-1-1_R": {"x":-0.012365044357817781, "y":-0.04991670832341416, "z":0.04842543793313923, "w":0.9975020826390142},
        "Finger-1-2_R": {"x":0.1477601033306698, "y":-0.14776010333066983, "z":0.022331755437196996, "w":0.9776682445628032},
        "Finger-1-3_R": {"x":0.1477601033306698, "y":-0.14776010333066983, "z":0.022331755437196996, "w":0.9776682445628032},
        "Finger-2-1_R": {"x":0, "y":0, "z":0, "w":1},
        "Finger-2-2_R": {"x":0, "y":0, "z":0, "w":1},
        "Finger-2-3_R": {"x":0, "y":0, "z":0, "w":1},
        "Finger-3-1_R": {"x":-0.026123473490347222, "y":0.04260846739541621, "z":0.6044300803163635, "w":0.795088901097084},
        "Finger-3-2_R": {"x":0, "y":0, "z":0.6442176872376915, "w":0.7648421872844889},