{
    "DEFAULT": {
        "Finger-1-1_R": {"x":0, "y":0, "z":0, "w":1},
        "Finger-1-2_R": {"x":0, "y":0, "z":0, "w":1},
        "Finger-1-3_R": {"x":0, "y":0, "z":0, "w":1},
        "Finger-2-1_R": {"x":0, "y":0, "z":0, "w":1},
        "Finger-2-2_R": {"x":0, "y":0, "z":0, "w":1},
        "Finger-2-3_R": {"x":0, "y":0, "z":0, "w":1},
        "Finger-3-1_R": {"x":0, "y":0, "z":0, "w":1},
        "Finger-3-2_R": {"x":0, "y":0, "z":0, "w":1},
        "Finger-3-3_R": {"x":0, "y":0, "z":0, "w":1},
        "Finger-4-1_R": {"x":0, "y":0, "z":0, "w":1},
        "Finger-4-2_R": {"x":0, "y":0, "z":0, "w":1},
        "Finger-4-3_R": {"x":0, "y":0, "z":0, "w":1},
        "Finger-5-1_R": {"x":0, "y":0, "z":0, "w":1},
        "Finger-5-2_R": {"x":0, "y":0, "z":0, "w":1},
        "Finger-5-3_R": {"x":0, "y":0, "z":0, "w":1}
    },
    "ALUNO":{
        "Finger-1-1_R": {"x":0, "y":-0.09983341664682818, "z":0, "w":0.995004165278026},
        "Finger-1-2_R": {"x":0, "y":0.14943813247359933, "z":0, "w":0.9887710779360426},
        "Finger-1-3_R": {"x":0, "y":0.3428978074554515, "z":0, "w":0.9393727128473791},
        "Finger-2-1_R": {"x":0.03423265967898394, "y":-0.09378078742835366, "z":0.3411847466828766, "w":0.9346797620316611},
        "Finger-2-2_R": {"x":0, "y":0, "z":0.3428978074554514, "w":0.9393727128473791},
        "Finger-2-3_R": {"x":0, "y":0, "z":0.3428978074554514, "w":0.9393727128473791},
        "Finger-3-1_R": {"x":0, "y":0, "z":0.3894183423086506, "w":0.9210609940028853},
        "Finger-3-2_R": {"x":0, "y":0, "z":0.3428978074554514, "w":0.9393727128473791},
        "Finger-3-3_R": {"x":0, "y":0, "z":0.3428978074554514, "w":0.9393727128473791},
        "Finger-4-1_R": {"x":-0.017137747561360474, "y":0.046949067823655474, "z":0.3424692744849951, "w":0.9381987415642459},
        "Finger-4-2_R": {"x":0, "y":0, "z":0.3428978074554514, "w":0.9393727128473791},
        "Finger-4-3_R": {"x":0, "y":0, "z":0.3428978074554514, "w":0.9393727128473791},
        "Finger-5-1_R": {"x":-0.03423265967898394, "y":0.09378078742835366, "z":0.3411847466828766, "w":0.9346797620316611},
        "Finger-5-2_R": {"x":0, "y":0, "z":0.3428978074554514, "w":0.9393727128473791},
        "Finger-5-3_R": {"x":0, "y":0, "z":0.3428978074554514, "w":0.9393727128473791}
    }
}
