{
    "DEFAULT":{
        "UpArm_L":{"x":0,"y":0,"z":0,"w":1},
        "LoArm_L":{"x":0,"y":0,"z":0,"w":1},
        "Hand_L":{"x":0,"y":0,"z":0,"w":1},
        "UpArm_R":{"x":0,"y":0,"z":0,"w":1},
        "LoArm_R":{"x":0,"y":0,"z":0,"w":1},
        "Hand_R":{"x":0,"y":0,"z":0,"w":1},
        "Finger-1-1_R": {"x":0, "y":0, "z":0, "w":0},
        "Finger-1-2_R": {"x":0, "y":0, "z":0, "w":0},
        "Finger-1-3_R": {"x":0, "y":0, "z":0, "w":0},
        "Finger-2-1_R": {"x":0, "y":0, "z":0, "w":0},
        "Finger-2-2_R": {"x":0, "y":0, "z":0, "w":0},
        "Finger-2-3_R": {"x":0, "y":0, "z":0, "w":0},
        "Finger-3-1_R": {"x":0, "y":0, "z":0, "w":0},
        "Finger-3-2_R": {"x":0, "y":0, "z":0, "w":0},
        "Finger-3-3_R": {"x":0, "y":0, "z":0, "w":0},
        "Finger-4-1_R": {"x":0, "y":0, "z":0, "w":0},
        "Finger-4-2_R": {"x":0, "y":0, "z":0, "w":0},
        "Finger-4-3_R": {"x":0, "y":0, "z":0, "w":0},
        "Finger-5-1_R": {"x":0, "y":0, "z":0, "w":0},
        "Finger-5-2_R": {"x":0, "y":0, "z":0, "w":0},
        "Finger-5-3_R": {"x":0, "y":0, "z":0, "w":0}
    },
    "ESPACO_NEUTRO":{
        "UpArm_L":{"x":-0.0815,"y":-0.6824,"z":-0.0815,"w":0.7219},
        "LoArm_L":{"x":0,"y":-0.0666,"z":0,"w":0.9978},
        "UpArm_R":{"x":0.0815,"y":0.6824,"z":-0.0815,"w":0.7219},
        "LoArm_R":{"x":0,"y":0.0666,"z":0,"w":0.9978}
    },
    "ORELHA":{
        "UpArm_L":{"x":-0.6171,"y":0,"z":0,"w":0.7869},
        "LoArm_L":{"x":0,"y":-0.8415,"z":0,"w":0.5403},
        "UpArm_R":{"x":-0.6171,"y":0,"z":0,"w":0.7869},
        "LoArm_R":{"x":0,"y":0.8415,"z":0,"w":0.5403}
    },
    "OMBRO_ESQUERDO":{
        "UpArm_R":{"x":0,"y":0.7174,"z":0,"w":0.6967},
        "LoArm_R":{"x":-0.3762,"y":0.6236,"z":0.4741,"w":0.4949}
    },
    "MAO_ALUNO":{
        "Finger-1-1_R": {"x":0, "y":-0.09983341664682818, "z":0, "w":0.995004165278026},
        "Finger-1-2_R": {"x":0, "y":0.14943813247359933, "z":0, "w":0.9887710779360426},
        "Finger-1-3_R": {"x":0, "y":0.3428978074554515, "z":0, "w":0.9393727128473791},
        "Finger-2-1_R": {"x":0.03423265967898394, "y":-0.09378078742835366, "z":0.3411847466828766, "w":0.9346797620316611},
        "Finger-2-2_R": {"x":0, "y":0, "z":0.3428978074554514, "w":0.9393727128473791},
        "Finger-2-3_R": {"x":0, "y":0, "z":0.3428978074554514, "w":0.9393727128473791},
        "Finger-3-1_R": {"x":0, "y":0, "z":0.3894183423086506, "w":0.9210609940028853},
        "Finger-3-2_R": {"x":0, "y":0, "z":0.3428978074554514, "w":0.9393727128473791},
        "Finger-3-3_R": {"x":0, "y":0, "z":0.3428978074554514, "w":0.9393727128473791},
        "Finger-4-1_R": {"x":-0.017137747561360474, "y":0.046949067823655474, "z":0.3424692744849951, "w":0.9381987415642459},
        "Finger-4-2_R": {"x":0, "y":0, "z":0.3428978074554514, "w":0.9393727128473791},
        "Finger-4-3_R": {"x":0, "y":0, "z":0.3428978074554514, "w":0.9393727128473791},
        "Finger-5-1_R": {"x":-0.03423265967898394, "y":0.09378078742835366, "z":0.3411847466828766, "w":0.9346797620316611},
        "Finger-5-2_R": {"x":0, "y":0, "z":0.3428978074554514, "w":0.9393727128473791},
        "Finger-5-3_R": {"x":0, "y":0, "z":0.3428978074554514, "w":0.9393727128473791}
    }
}
