{ 
    "MAO_FRENTE":{
        "Hand_L":{"x":0.33340292116448905, "y":0.662155051329722, "z":-0.519289162557345, "w":-0.425129029213419},
        "Hand_R":{"x":-0.33340292116448905, "y":0.662155051329722, "z":-0.519289162557345, "w":0.42512902921341}
    }
}
